{
  "src": [
    "src/assets/audios/sprites.webm"
  ],
  "sprite": {
    "click": [
      0,
      513.1292517006802
    ],
    "correct": [
      1000,
      1184.21768707483
    ],
    "distribute": [
      3000,
      475.3968253968255
    ],
    "grab": [
      4000,
      559.5691609977323
    ],
    "release": [
      5000,
      476.0090702947846
    ],
    "wrong": [
      6000,
      1297.2335600907031
    ]
  }
}