{
  "src": [
    "src/assets/audios/sprites.webm"
  ],
  "sprite": {
    "click": [
      0,
      1285.8956916099773
    ],
    "correct": [
      2000,
      3801.269841269841
    ],
    "distribute": [
      6000,
      325.26077097505635
    ],
    "grab": [
      7000,
      697.5283446712019
    ],
    "release": [
      8000,
      352.47165532879876
    ],
    "suffle": [
      9000,
      590.0680272108847
    ],
    "wrong": [
      10000,
      1560.0453514739224
    ]
  }
}